{
  "mean": [
    0.29231202646765303,
    0.26727666644412434,
    0.2797943458365068,
    0.22794738991653976,
    0.4626521693631559,
    1.8504396063084647,
    -0.12387140336916558,
    101.62288522521557,
    1.0,
    0.7514680277890475,
    0.9999753815856705,
    0.20542716591818094,
    0.4740058488214912,
    1.1600728519278756,
    -0.6997651478624175,
    1.4138427758863972,
    0.5467044892346851,
    0.7256467725244596,
    0.11079927785983916,
    0.044604464139176105,
    0.2797943456043411,
    0.18130682383795557,
    0.595864389764887,
    0.28021500247853004,
    3.3451575100041965e-05
  ],
  "scale": [
    0.11915542691212737,
    0.10365604002896368,
    0.08423847510342002,
    0.06781395766788607,
    0.18426433511128895,
    12.00153466274925,
    34.74569712320788,
    139.74330995793358,
    1.0,
    0.351115521670869,
    0.004579370673016965,
    0.32876329299911655,
    0.6274463550710458,
    0.5915053656220458,
    0.43981203992476653,
    0.6565044809706351,
    0.1519361234693592,
    0.16582532638472106,
    0.31388341448003726,
    0.2064337809516817,
    0.0634353814307382,
    0.08641091395414074,
    0.24854680458534353,
    0.34655974520506094,
    0.002972738097970844
  ],
  "n_features": 25,
  "feature_cols": [
    "ear_l",
    "ear_r",
    "ear_avg",
    "ear_min",
    "mar",
    "pitch",
    "yaw",
    "roll",
    "gaze_l_x",
    "gaze_l_y",
    "gaze_r_x",
    "gaze_r_y",
    "left_wrist_x",
    "left_wrist_y",
    "right_wrist_x",
    "right_wrist_y",
    "shoulder_center_x",
    "shoulder_center_y",
    "hand_near_face",
    "mouth_occluded",
    "ear_avg_mean",
    "ear_avg_min",
    "mar_max",
    "mar_above_thresh",
    "ear_trend"
  ]
}
